code,area,cityName,state,country
400029,A I Staff Colony S.O,Mumbai,MAHARASHTRA,India
400065,Aareymilk Colony S.O,Mumbai,MAHARASHTRA,India
400011,Agripada S.O,Mumbai,MAHARASHTRA,India
400004,Ambewadi S.O (Mumbai),Mumbai,MAHARASHTRA,India
400069,Andheri East S.O,Mumbai,MAHARASHTRA,India
400053,Andheri H.O,Mumbai,MAHARASHTRA,India
400058,Andheri Railway Station S.O,Mumbai,MAHARASHTRA,India
400037,Antop Hill S.O,Mumbai,MAHARASHTRA,India
400094,Anushakti Nagar S.O,Mumbai,MAHARASHTRA,India
400005,Asvini S.O,Mumbai,MAHARASHTRA,India
400053,Azad Nagar S.O (Mumbai),Mumbai,MAHARASHTRA,India
400037,B P T Colony S.O,Mumbai,MAHARASHTRA,India
400051,B.N. Bhavan S.O,Mumbai,MAHARASHTRA,India
400003,B.P.Lane S.O,Mumbai,MAHARASHTRA,India
400050,Bandra West S.O,Mumbai,MAHARASHTRA,India
400051,Bandra(East) S.O,Mumbai,MAHARASHTRA,India
400104,Bangur Nagar S.O,Mumbai,MAHARASHTRA,India
400085,BARC S.O,Mumbai,MAHARASHTRA,India
400084,Barve Nagar S.O,Mumbai,MAHARASHTRA,India
400001,Bazargate S.O,Mumbai,MAHARASHTRA,India
400075,Best Staff Colony S.O,Mumbai,MAHARASHTRA,India
400012,BEST STaff Quarters S.O,Mumbai,MAHARASHTRA,India
400082,Bhandup Complex S.O,Mumbai,MAHARASHTRA,India
400042,Bhandup East S.O,Mumbai,MAHARASHTRA,India
400078,Bhandup Ind. Estate S.O,Mumbai,MAHARASHTRA,India
400078,Bhandup West S.O,Mumbai,MAHARASHTRA,India
400007,Bharat Nagar S.O (Mumbai),Mumbai,MAHARASHTRA,India
400028,Bhawani Shankar Rd S.O,Mumbai,MAHARASHTRA,India
400028,Bhawani Shankar S.O,Mumbai,MAHARASHTRA,India
400066,Borivali East S.O,Mumbai,MAHARASHTRA,India
400091,Borivali H.O,Mumbai,MAHARASHTRA,India
400092,Borivali West S.O,Mumbai,MAHARASHTRA,India
400037,C G S Colony S.O,Mumbai,MAHARASHTRA,India
400020,Central Building S.O,Mumbai,MAHARASHTRA,India
400030,Century Mill S.O,Mumbai,MAHARASHTRA,India
400093,Chakala Midc S.O,Mumbai,MAHARASHTRA,India
400012,Chamarbaug S.O,Mumbai,MAHARASHTRA,India
400067,Charkop S.O,Mumbai,MAHARASHTRA,India
400004,Charni Road S.O,Mumbai,MAHARASHTRA,India
400004,Chaupati S.O,Mumbai,MAHARASHTRA,India
400074,Chembur Extension S.O,Mumbai,MAHARASHTRA,India
400071,Chembur H.O,Mumbai,MAHARASHTRA,India
400089,Chembur Rs S.O,Mumbai,MAHARASHTRA,India
400009,Chinchbunder H.O,Mumbai,MAHARASHTRA,India
400011,Chinchpokli S.O,Mumbai,MAHARASHTRA,India
400022,Chunabhatti S.O,Mumbai,MAHARASHTRA,India
400020,Churchgate S.O,Mumbai,MAHARASHTRA,India
400005,Colaba Bazar S.O,Mumbai,MAHARASHTRA,India
400005,Colaba S.O,Mumbai,MAHARASHTRA,India
400039,Colaba S.O,Mumbai,MAHARASHTRA,India
400023,Fort S.O,Mumbai,MAHARASHTRA,India
400033,Cotton Exchange S.O,Mumbai,MAHARASHTRA,India
400026,Cumballa Hill S.O,Mumbai,MAHARASHTRA,India
400026,Cumballa Sea Face S.O,Mumbai,MAHARASHTRA,India
400043,D.M. Colony S.O,Mumbai,MAHARASHTRA,India
400014,Dadar Colony S.O,Mumbai,MAHARASHTRA,India
400014,Dadar H.O,Mumbai,MAHARASHTRA,India
400068,Dahisar RS S.O,Mumbai,MAHARASHTRA,India
400068,Dahisar S.O,Mumbai,MAHARASHTRA,India
400052,Danda S.O,Mumbai,MAHARASHTRA,India
400066,Daulat Nagar S.O (Mumbai),Mumbai,MAHARASHTRA,India
400013,Delisle Road S.O,Mumbai,MAHARASHTRA,India
400017,Dharavi Road S.O,Mumbai,MAHARASHTRA,India
400017,Dharavi S.O,Mumbai,MAHARASHTRA,India
400010,Dockyard Road S.O,Mumbai,MAHARASHTRA,India
400026,Dr Deshmukh Marg S.O,Mumbai,MAHARASHTRA,India
400008,Falkland Road S.O,Mumbai,MAHARASHTRA,India
400074,FCI S.O,Mumbai,MAHARASHTRA,India
400086,Ghatkopar West S.O,Mumbai,MAHARASHTRA,India
400004,Girgaon S.O,Mumbai,MAHARASHTRA,India
400028,Gokhale Road S.O (Mumbai),Mumbai,MAHARASHTRA,India
400063,Goregaon East S.O,Mumbai,MAHARASHTRA,India
400104,Goregaon RS S.O,Mumbai,MAHARASHTRA,India
400104,Goregaon S.O (Mumbai),Mumbai,MAHARASHTRA,India
400088,Govandi S.O,Mumbai,MAHARASHTRA,India
400051,Government Colony S.O,Mumbai,MAHARASHTRA,India
400026,Gowalia Tank S.O,Mumbai,MAHARASHTRA,India
400007,Grant Road S.O,Mumbai,MAHARASHTRA,India
400058,H.M.P. School S.O,Mumbai,MAHARASHTRA,India
400012,Haffkin Institute S.O,Mumbai,MAHARASHTRA,India
400011,Haines Road S.O,Mumbai,MAHARASHTRA,India
400034,Haji Ali S.O,Mumbai,MAHARASHTRA,India
400057,Hanuman Road S.O,Mumbai,MAHARASHTRA,India
400032,High Court Building S.O (Mumbai),Mumbai,MAHARASHTRA,India
400005,Holiday Camp S.O,Mumbai,MAHARASHTRA,India
400095,Ins Hamla S.O,Mumbai,MAHARASHTRA,India
400099,International Airport S.O,Mumbai,MAHARASHTRA,India
400056,IRLA S.O,Mumbai,MAHARASHTRA,India
400059,J.B. Nagar S.O,Mumbai,MAHARASHTRA,India
400008,J.J.Hospital S.O,Mumbai,MAHARASHTRA,India
400078,J.M. Road S.O,Mumbai,MAHARASHTRA,India
400011,Jacob Circle S.O,Mumbai,MAHARASHTRA,India
400060,Jogeshwari East S.O,Mumbai,MAHARASHTRA,India
400102,Jogeshwari West S.O,Mumbai,MAHARASHTRA,India
400049,Juhu S.O,Mumbai,MAHARASHTRA,India
400033,Kalachowki S.O,Mumbai,MAHARASHTRA,India
400002,Kalbadevi H.O,Mumbai,MAHARASHTRA,India
400008,Kamathipura S.O,Mumbai,MAHARASHTRA,India
400101,Kandivali East S.O,Mumbai,MAHARASHTRA,India
400067,Kandivali West S.O,Mumbai,MAHARASHTRA,India
400083,Kannamwar Nagar S.O,Mumbai,MAHARASHTRA,India
400016,Kapad Bazar S.O,Mumbai,MAHARASHTRA,India
400068,Ketkipada B.O,Mumbai,MAHARASHTRA,India
400052,Khar Colony S.O,Mumbai,MAHARASHTRA,India
400052,Khar Delivery S.O,Mumbai,MAHARASHTRA,India
400095,Kharodi S.O,Mumbai,MAHARASHTRA,India
400051,Kherwadi S.O,Mumbai,MAHARASHTRA,India
400031,Kidwai Nagar S.O (Mumbai),Mumbai,MAHARASHTRA,India
400070,Kurla North S.O,Mumbai,MAHARASHTRA,India
400070,Kurla S.O,Mumbai,MAHARASHTRA,India
400033,L B S N E collage S.O,Mumbai,MAHARASHTRA,India
400012,Lal Baug S.O,Mumbai,MAHARASHTRA,India
400064,Liberty Garden S.O,Mumbai,MAHARASHTRA,India
400008,M A Marg S.O,Mumbai,MAHARASHTRA,India
400001,M.P.T. S.O,Mumbai,MAHARASHTRA,India
400061,Madh B.O,Mumbai,MAHARASHTRA,India
400004,Madhavbaug S.O,Mumbai,MAHARASHTRA,India
400066,Magthane B.O,Mumbai,MAHARASHTRA,India
400016,Mahim Bazar S.O,Mumbai,MAHARASHTRA,India
400016,Mahim East S.O,Mumbai,MAHARASHTRA,India
400016,Mahim H.O,Mumbai,MAHARASHTRA,India
400074,Mahul Road S.O,Mumbai,MAHARASHTRA,India
400006,Malabar Hill S.O,Mumbai,MAHARASHTRA,India
400097,Malad East S.O,Mumbai,MAHARASHTRA,India
400064,Malad S.O,Mumbai,MAHARASHTRA,India
400064,Malad West Dely S.O,Mumbai,MAHARASHTRA,India
400103,Mandapeshwar S.O,Mumbai,MAHARASHTRA,India
400003,Mandvi S.O (Mumbai),Mumbai,MAHARASHTRA,India
400032,Mantralaya S.O (Mumbai),Mumbai,MAHARASHTRA,India
400020,Marine Lines S.O,Mumbai,MAHARASHTRA,India
400059,Marol Bazar S.O,Mumbai,MAHARASHTRA,India
400059,Marol Naka S.O,Mumbai,MAHARASHTRA,India
400003,Masjid S.O,Mumbai,MAHARASHTRA,India
400019,Matunga S.O,Mumbai,MAHARASHTRA,India
400010,Mazgaon Dock S.O,Mumbai,MAHARASHTRA,India
400010,Mazgaon Road S.O,Mumbai,MAHARASHTRA,India
400010,Mazgaon S.O,Mumbai,MAHARASHTRA,India
400081,Mhada Colony S.O,Mumbai,MAHARASHTRA,India
400016,Mori Road S.O,Mumbai,MAHARASHTRA,India
400104,Motilal Nagar S.O,Mumbai,MAHARASHTRA,India
400082,Mulund Colony S.O,Mumbai,MAHARASHTRA,India
400080,Mulund Dd Road S.O,Mumbai,MAHARASHTRA,India
400081,Mulund East S.O,Mumbai,MAHARASHTRA,India
400080,Mulund West S.O,Mumbai,MAHARASHTRA,India
400008,Mumbai Central H.O,Mumbai,MAHARASHTRA,India
400001,Mumbai G.P.O.,Mumbai,MAHARASHTRA,India
400007,N.S.Patkar Marg S.O,Mumbai,MAHARASHTRA,India
400069,Nagardas Road S.O,Mumbai,MAHARASHTRA,India
400065,Nagari Niwara S.O,Mumbai,MAHARASHTRA,India
400080,Nahur S.O,Mumbai,MAHARASHTRA,India
400014,Naigaon S.O (Mumbai),Mumbai,MAHARASHTRA,India
400021,Nariman Point S.O,Mumbai,MAHARASHTRA,India
400024,Nehru Nagar S.O (Mumbai),Mumbai,MAHARASHTRA,India
400080,Nehru Road S.O (Mumbai),Mumbai,MAHARASHTRA,India
400070,Netajinagar S.O,Mumbai,MAHARASHTRA,India
400025,New Prabhadevi Road S.O,Mumbai,MAHARASHTRA,India
400021,New Yogakshema S.O,Mumbai,MAHARASHTRA,India
400087,NITIE S.O,Mumbai,MAHARASHTRA,India
400009,Noor Baug S.O,Mumbai,MAHARASHTRA,India
400003,Null Bazar S.O,Mumbai,MAHARASHTRA,India
400004,Opera House S.O,Mumbai,MAHARASHTRA,India
400064,Orlem S.O,Mumbai,MAHARASHTRA,India
400102,Oshiwara S.O,Mumbai,MAHARASHTRA,India
400078,P.H. Colony S.O,Mumbai,MAHARASHTRA,India
400075,Pant Nagar S.O,Mumbai,MAHARASHTRA,India
400012,Parel Naka S.O,Mumbai,MAHARASHTRA,India
400012,Parel Rly Work Shop S.O,Mumbai,MAHARASHTRA,India
400012,Parel S.O,Mumbai,MAHARASHTRA,India
400076,Powai Iit S.O,Mumbai,MAHARASHTRA,India
400025,Prabhadevi S.O,Mumbai,MAHARASHTRA,India
400009,Princess Dock S.O,Mumbai,MAHARASHTRA,India
400079,Psm Colony S.O,Mumbai,MAHARASHTRA,India
400075,R.A.Nagar S.O,Mumbai,MAHARASHTRA,India
400077,Rajawadi S.O,Mumbai,MAHARASHTRA,India
400035,Rajbhavan S.O (Mumbai),Mumbai,MAHARASHTRA,India
400066,Rajendra Nagar S.O (Mumbai),Mumbai,MAHARASHTRA,India
400002,Ramwadi S.O,Mumbai,MAHARASHTRA,India
400028,Ranade Road S.O,Mumbai,MAHARASHTRA,India
400097,Rani Sati Marg S.O,Mumbai,MAHARASHTRA,India
400022,Raoli Camp S.O,Mumbai,MAHARASHTRA,India
400033,Reay Road S.O,Mumbai,MAHARASHTRA,India
400086,Rifle Range S.O,Mumbai,MAHARASHTRA,India
400065,S R P F Camp S.O,Mumbai,MAHARASHTRA,India
400007,S V Marg S.O,Mumbai,MAHARASHTRA,India
400028,S V S Marg S.O,Mumbai,MAHARASHTRA,India
400002,S. C. Court S.O,Mumbai,MAHARASHTRA,India
400066,S. K.Nagar S.O,Mumbai,MAHARASHTRA,India
400080,S.B. Road S.O,Mumbai,MAHARASHTRA,India
400086,Sahakar Bhavan S.O,Mumbai,MAHARASHTRA,India
400099,Sahar P & T Colony S.O,Mumbai,MAHARASHTRA,India
400099,Sahargaon B.O,Mumbai,MAHARASHTRA,India
400072,Sakinaka S.O,Mumbai,MAHARASHTRA,India
400054,Santacruz Central S.O,Mumbai,MAHARASHTRA,India
400029,Santacruz P&t Colony S.O,Mumbai,MAHARASHTRA,India
400055,Santacruz(East) S.O,Mumbai,MAHARASHTRA,India
400054,Santacruz(West) S.O,Mumbai,MAHARASHTRA,India
400032,Secretariate S.O,Mumbai,MAHARASHTRA,India
400096,Seepz S.O,Mumbai,MAHARASHTRA,India
400015,Sewri S.O,Mumbai,MAHARASHTRA,India
400063,Sharma Estate S.O,Mumbai,MAHARASHTRA,India
400043,Shivaji Nagar S.O (Mumbai),Mumbai,MAHARASHTRA,India
400028,Shivaji Park S.O (Mumbai),Mumbai,MAHARASHTRA,India
400002,Shroff Mahajan S.O,Mumbai,MAHARASHTRA,India
400071,Sindhi Society S.O,Mumbai,MAHARASHTRA,India
400022,Sion S.O,Mumbai,MAHARASHTRA,India
400001,Stock Exchange S.O,Mumbai,MAHARASHTRA,India
400088,T.F.Donar S.O,Mumbai,MAHARASHTRA,India
400083,Tagore Nagar S.O,Mumbai,MAHARASHTRA,India
400001,Tajmahal S.O,Mumbai,MAHARASHTRA,India
400033,Tank Road S.O,Mumbai,MAHARASHTRA,India
400007,Tardeo S.O,Mumbai,MAHARASHTRA,India
400002,Thakurdwar S.O,Mumbai,MAHARASHTRA,India
400089,Tilak Nagar S.O (Mumbai),Mumbai,MAHARASHTRA,India
400001,Town Hall S.O (Mumbai),Mumbai,MAHARASHTRA,India
400022,Transit Camp S.O,Mumbai,MAHARASHTRA,India
400088,Trombay S.O,Mumbai,MAHARASHTRA,India
400034,Tulsiwadi S.O,Mumbai,MAHARASHTRA,India
400078,Usha Nagar S.O,Mumbai,MAHARASHTRA,India
400027,V J B Udyan S.O,Mumbai,MAHARASHTRA,India
400010,V K Bhavan S.O,Mumbai,MAHARASHTRA,India
400052,V.P. Road S.O,Mumbai,MAHARASHTRA,India
400005,V.W.T.C. S.O,Mumbai,MAHARASHTRA,India
400055,Vakola S.O,Mumbai,MAHARASHTRA,India
400061,Vesava S.O,Mumbai,MAHARASHTRA,India
400098,Vidyanagari S.O,Mumbai,MAHARASHTRA,India
400072,Vihar Road S.O,Mumbai,MAHARASHTRA,India
400079,Vikhroli S.O,Mumbai,MAHARASHTRA,India
400057,Vileeparle (East) S.O,Mumbai,MAHARASHTRA,India
400057,Vileparle Railway Station S.O,Mumbai,MAHARASHTRA,India
400056,Vileparle(West) S.O,Mumbai,MAHARASHTRA,India
400031,Wadala Rs S.O,Mumbai,MAHARASHTRA,India
400031,Wadala S.O,Mumbai,MAHARASHTRA,India
400037,Wadala Truck Terminal S.O,Mumbai,MAHARASHTRA,India
400030,Worli Colony S.O,Mumbai,MAHARASHTRA,India
400018,Worli Naka S.O,Mumbai,MAHARASHTRA,India
400030,Worli Police Camp S.O,Mumbai,MAHARASHTRA,India
400018,Worli S.O,Mumbai,MAHARASHTRA,India
400030,Worli Sea Face S.O,Mumbai,MAHARASHTRA,India
421303,Abitghar B.O,Thane,MAHARASHTRA,India
421303,Abje B.O,Thane,MAHARASHTRA,India
421506,Additional Ambernath S.O,Thane,MAHARASHTRA,India
401102,Agarwadi B.O,Thane,MAHARASHTRA,India
401301,Agashi S.O,Thane,MAHARASHTRA,India
401602,Agawan B.O,Thane,MAHARASHTRA,India
421301,Aghai B.O,Thane,MAHARASHTRA,India
421303,Alonde B.O,Thane,MAHARASHTRA,India
421601,Alyani B.O,Thane,MAHARASHTRA,India
421302,Amane B.O,Thane,MAHARASHTRA,India
421301,Ambarje B.O,Thane,MAHARASHTRA,India
421501,Ambernath S.O,Thane,MAHARASHTRA,India
421501,Ambernath South S.O,Thane,MAHARASHTRA,India
421601,Andad B.O,Thane,MAHARASHTRA,India
421302,Angaon B.O,Thane,MAHARASHTRA,India
421302,Anjur B.O,Thane,MAHARASHTRA,India
400610,Apna Bazar S.O,Thane,MAHARASHTRA,India
401302,Arnala S.O,Thane,MAHARASHTRA,India
401103,Asangaon B.O,Thane,MAHARASHTRA,India
421301,Asangaon B.O,Thane,MAHARASHTRA,India
401604,Ase B.O,Thane,MAHARASHTRA,India
401602,Ashagad B.O,Thane,MAHARASHTRA,India
421102,Atali B.O,Thane,MAHARASHTRA,India
421301,Atgaon B.O,Thane,MAHARASHTRA,India
421601,Aware B.O,Thane,MAHARASHTRA,India
401601,Badapokharan B.O,Thane,MAHARASHTRA,India
421503,Badlapur E.D. B.O,Thane,MAHARASHTRA,India
421402,Balegaon B.O,Thane,MAHARASHTRA,India
400608,Balkum S.O,Thane,MAHARASHTRA,India
401403,Bandhan B.O,Thane,MAHARASHTRA,India
401602,Bapugaon B.O,Thane,MAHARASHTRA,India
401202,Bassein Road S.O,Thane,MAHARASHTRA,India
401201,Bassein S.O,Thane,MAHARASHTRA,India
401501,Bategaon B.O,Thane,MAHARASHTRA,India
401103,Bavada B.O,Thane,MAHARASHTRA,India
400614,Belapur Node- V S.O,Thane,MAHARASHTRA,India
400614,Belapur Node-- III S.O,Thane,MAHARASHTRA,India
421002,Bhaji Market S.O,Thane,MAHARASHTRA,India
401303,Bhatane B.O,Thane,MAHARASHTRA,India
421603,Bhatsanagar S.O,Thane,MAHARASHTRA,India
401105,Bhayander East S.O,Thane,MAHARASHTRA,India
401101,Bhayander West S.O,Thane,MAHARASHTRA,India
421308,Bhiwandi S.O,Thane,MAHARASHTRA,India
401403,Bhopoli B.O,Thane,MAHARASHTRA,India
401201,Bhuigaon B.O,Thane,MAHARASHTRA,India
421603,Birwadi B.O,Thane,MAHARASHTRA,India
401501,Boisar S.O,Thane,MAHARASHTRA,India
401303,Bolinj B.O,Thane,MAHARASHTRA,India
421001,Bus Terminus S.O,Thane,MAHARASHTRA,India
401303,Chandansar B.O,Thane,MAHARASHTRA,India
421301,Chande B.O,Thane,MAHARASHTRA,India
401103,Chandigaon B.O,Thane,MAHARASHTRA,India
421503,Chargaon B.O,Thane,MAHARASHTRA,India
401602,Charoti B.O,Thane,MAHARASHTRA,India
401301,Chikhal Dongre B.O,Thane,MAHARASHTRA,India
401602,Chikhale B.O,Thane,MAHARASHTRA,India
421302,Chimbipada B.O,Thane,MAHARASHTRA,India
401503,Chinchani S.O,Thane,MAHARASHTRA,India
421302,Chinchwali B.O,Thane,MAHARASHTRA,India
400607,Chitalsar Manpada B.O,Thane,MAHARASHTRA,India
421601,Chondhe Colony B.O,Thane,MAHARASHTRA,India
421302,Dabhad B.O,Thane,MAHARASHTRA,India
401602,Dahanu Road S.O,Thane,MAHARASHTRA,India
401601,Dahanu S.O,Thane,MAHARASHTRA,India
401608,Dahanu TPS S.O,Thane,MAHARASHTRA,India
400612,Dahisar B.O,Thane,MAHARASHTRA,India
401502,Dahisar Tarapur B.O,Thane,MAHARASHTRA,India
401404,Dahisar tymanor B.O,Thane,MAHARASHTRA,India
401303,Dahtsar T B.O,Thane,MAHARASHTRA,India
421301,Dalkhan B.O,Thane,MAHARASHTRA,India
421302,Dandekarwadi S.O,Thane,MAHARASHTRA,India
401501,Dandi B.O,Thane,MAHARASHTRA,India
401610,Dapchari S.O,Thane,MAHARASHTRA,India
401404,Dapoli B.O,Thane,MAHARASHTRA,India
400706,Darave B.O,Thane,MAHARASHTRA,India
401102,Datiware B.O,Thane,MAHARASHTRA,India
400612,Dawale B.O,Thane,MAHARASHTRA,India
421601,Dhasai B.O,Thane,MAHARASHTRA,India
421402,Dhasai S.O,Thane,MAHARASHTRA,India
401404,Dhekale B.O,Thane,MAHARASHTRA,India
421302,Dighashi B.O,Thane,MAHARASHTRA,India
400612,Diwa B.O,Thane,MAHARASHTRA,India
421303,Dohe B.O,Thane,MAHARASHTRA,India
421601,Dolkhamb B.O,Thane,MAHARASHTRA,India
421203,Dombivali I.A. S.O,Thane,MAHARASHTRA,India
421201,Dombivali S.O,Thane,MAHARASHTRA,India
401106,Dongri B.O,Thane,MAHARASHTRA,India
421302,Dugad B.O,Thane,MAHARASHTRA,India
421302,Dunge B.O,Thane,MAHARASHTRA,India
421301,Dwarli B.O,Thane,MAHARASHTRA,India
401102,Edwan B.O,Thane,MAHARASHTRA,India
401206,Ganeshpuri S.O,Thane,MAHARASHTRA,India
421306,Ganeshwadi S.O (Thane),Thane,MAHARASHTRA,India
401602,Ganjad B.O,Thane,MAHARASHTRA,India
401203,Gass B.O,Thane,MAHARASHTRA,India
421403,Gegaon B.O,Thane,MAHARASHTRA,India
400701,Ghansoli S.O,Thane,MAHARASHTRA,India
401107,Ghodbander B.O,Thane,MAHARASHTRA,India
401702,Gholvad S.O,Thane,MAHARASHTRA,India
401201,Girij B.O,Thane,MAHARASHTRA,India
400602,Gokhale Road S.O (Thane),Thane,MAHARASHTRA,India
401208,Gokhiware B.O,Thane,MAHARASHTRA,India
401404,Govade B.O,Thane,MAHARASHTRA,India
401103,Gowane B.O,Thane,MAHARASHTRA,India
421601,Gunde B.O,Thane,MAHARASHTRA,India
401201,Holi Bazar B.O,Thane,MAHARASHTRA,India
421301,Jambhul B.O,Thane,MAHARASHTRA,India
401602,Jamshet B.O,Thane,MAHARASHTRA,India
400606,Jekegram S.O,Thane,MAHARASHTRA,India
401208,Juchandra B.O,Thane,MAHARASHTRA,India
400703,K.U.Bazar S.O,Thane,MAHARASHTRA,India
401602,Kainad B.O,Thane,MAHARASHTRA,India
401304,Kalamb B.O,Thane,MAHARASHTRA,India
421303,Kalambe B.O,Thane,MAHARASHTRA,India
421301,Kalamgaon B.O,Thane,MAHARASHTRA,India
421302,Kalher B.O,Thane,MAHARASHTRA,India
400605,Kalwa S.O,Thane,MAHARASHTRA,India
421301,Kalyan City H.O,Thane,MAHARASHTRA,India
421301,Kalyan D.C. S.O,Thane,MAHARASHTRA,India
421301,Kalyan Rs S.O,Thane,MAHARASHTRA,India
401208,Kaman B.O,Thane,MAHARASHTRA,India
421303,Kanchad B.O,Thane,MAHARASHTRA,India
421501,Kansai S.O,Thane,MAHARASHTRA,India
401602,Karaj Gaon B.O,Thane,MAHARASHTRA,India
421602,Kasara S.O (Thane),Thane,MAHARASHTRA,India
400601,Kasarvadavali B.O,Thane,MAHARASHTRA,India
400615,Kasarvadavali S.O,Thane,MAHARASHTRA,India
421401,Kasegaon B.O,Thane,MAHARASHTRA,India
401107,Kashi B.O,Thane,MAHARASHTRA,India
401404,Katale B.O,Thane,MAHARASHTRA,India
421306,Katemanivali S.O,Thane,MAHARASHTRA,India
401201,Kaular Budruk B.O,Thane,MAHARASHTRA,India
400612,Kausa B.O,Thane,MAHARASHTRA,India
401204,Kelthan B.O,Thane,MAHARASHTRA,India
401401,Kelwa Road B.O,Thane,MAHARASHTRA,India
401401,Kelwa S.O (Thane),Thane,MAHARASHTRA,India
401402,Kelwa-mahim S.O,Thane,MAHARASHTRA,India
401403,Kev B.O,Thane,MAHARASHTRA,India
421301,Khadavali B.O,Thane,MAHARASHTRA,India
401303,Khaniwade B.O,Thane,MAHARASHTRA,India
401204,Khaniwali B.O,Thane,MAHARASHTRA,India
421601,Kharade B.O,Thane,MAHARASHTRA,India
421302,Kharbav B.O,Thane,MAHARASHTRA,India
421301,Khardi B.O,Thane,MAHARASHTRA,India
421303,Khare Ambiwali B.O,Thane,MAHARASHTRA,India
401604,Kharegaon B.O,Thane,MAHARASHTRA,India
401404,Kharekuran B.O,Thane,MAHARASHTRA,India
421403,Kharid B.O,Thane,MAHARASHTRA,India
421403,Kharivali B.O,Thane,MAHARASHTRA,India
421303,Khariwali B.O,Thane,MAHARASHTRA,India
401604,Khodale B.O,Thane,MAHARASHTRA,India
421301,Khoni B.O,Thane,MAHARASHTRA,India
421312,Khupri B.O,Thane,MAHARASHTRA,India
421401,Khutal Baragaon B.O,Thane,MAHARASHTRA,India
421601,Khutghar B.O,Thane,MAHARASHTRA,India
421403,Kinholi S.O,Thane,MAHARASHTRA,India
421401,Kishore B.O,Thane,MAHARASHTRA,India
401604,Koch B.O,Thane,MAHARASHTRA,India
421401,Kolthan B.O,Thane,MAHARASHTRA,India
421311,Kon B.O,Thane,MAHARASHTRA,India
421312,Kondhale B.O,Thane,MAHARASHTRA,India
401403,Kondhan B.O,Thane,MAHARASHTRA,India
421303,Kone B.O,Thane,MAHARASHTRA,India
400614,Konkan Bhavan S.O,Thane,MAHARASHTRA,India
400709,Kopar Khairne S.O,Thane,MAHARASHTRA,India
401301,Kophrad B.O,Thane,MAHARASHTRA,India
400603,Kopri Colony S.O,Thane,MAHARASHTRA,India
401703,Kosbad-hill S.O,Thane,MAHARASHTRA,India
401502,Kudan B.O,Thane,MAHARASHTRA,India
421312,Kudus S.O,Thane,MAHARASHTRA,India
421503,Kulgaon S.O,Thane,MAHARASHTRA,India
401501,Kumbhawali B.O,Thane,MAHARASHTRA,India
421302,Kunde B.O,Thane,MAHARASHTRA,India
401403,Kurze B.O,Thane,MAHARASHTRA,India
421601,Lenad Khurd B.O,Thane,MAHARASHTRA,India
421302,Lonad B.O,Thane,MAHARASHTRA,India
401501,Mahagaon B.O,Thane,MAHARASHTRA,India
421302,Mahapoli B.O,Thane,MAHARASHTRA,India
421401,Majgaon B.O,Thane,MAHARASHTRA,India
421402,Mal B.O,Thane,MAHARASHTRA,India
421303,Mala B.O,Thane,MAHARASHTRA,India
421403,Malegaon B.O,Thane,MAHARASHTRA,India
421303,Malwada B.O,Thane,MAHARASHTRA,India
421301,Mamnoli B.O,Thane,MAHARASHTRA,India
421605,Manda S.O,Thane,MAHARASHTRA,India
401303,Mandvi B.O,Thane,MAHARASHTRA,India
421301,Mangrul B.O,Thane,MAHARASHTRA,India
421102,Manivali B.O,Thane,MAHARASHTRA,India
421303,Maniwali B.O,Thane,MAHARASHTRA,India
421503,Manjarli B.O,Thane,MAHARASHTRA,India
401403,Manor S.O,Thane,MAHARASHTRA,India
421204,Manpada S.O,Thane,MAHARASHTRA,India
401404,Maswan B.O,Thane,MAHARASHTRA,India
421312,Met B.O,Thane,MAHARASHTRA,India
421401,Mhasa B.O,Thane,MAHARASHTRA,India
421401,Milhe B.O,Thane,MAHARASHTRA,India
400710,Millenium Business Park S.O,Thane,MAHARASHTRA,India
401107,Mira Road S.O,Thane,MAHARASHTRA,India
401107,Mira S.O,Thane,MAHARASHTRA,India
421102,Mohone S.O,Thane,MAHARASHTRA,India
421303,Moj B.O,Thane,MAHARASHTRA,India
401604,Mokhada S.O,Thane,MAHARASHTRA,India
421602,Mokhawane B.O,Thane,MAHARASHTRA,India
401604,Morhanda B.O,Thane,MAHARASHTRA,India
421401,Moroshi B.O,Thane,MAHARASHTRA,India
421403,Mugaon B.O,Thane,MAHARASHTRA,India
401201,Mulgaon B.O,Thane,MAHARASHTRA,India
400612,Mumbra S.O,Thane,MAHARASHTRA,India
421401,Murbad S.O,Thane,MAHARASHTRA,India
401501,Murbe B.O,Thane,MAHARASHTRA,India
401404,Nadore B.O,Thane,MAHARASHTRA,India
401207,Naigaon B.O,Thane,MAHARASHTRA,India
401203,Nala B.O,Thane,MAHARASHTRA,India
401209,Nallosapare E S.O,Thane,MAHARASHTRA,India
401501,Nanapur B.O,Thane,MAHARASHTRA,India
421601,Nandgaon B.O,Thane,MAHARASHTRA,India
401501,Nandgaon Tarapur B.O,Thane,MAHARASHTRA,India
421401,Narivali B.O,Thane,MAHARASHTRA,India
401601,Narpad B.O,Thane,MAHARASHTRA,India
400602,Naupada S.O (Thane),Thane,MAHARASHTRA,India
401102,Navghar B.O,Thane,MAHARASHTRA,India
421312,Nehroli B.O,Thane,MAHARASHTRA,India
400706,Nerul Node-II S.O,Thane,MAHARASHTRA,India
400706,Nerul Node-III S.O,Thane,MAHARASHTRA,India
400706,Nerul Sec-48 S.O,Thane,MAHARASHTRA,India
421505,Netaji Bazar S.O,Thane,MAHARASHTRA,India
401404,Nihe B.O,Thane,MAHARASHTRA,India
401602,Nikane B.O,Thane,MAHARASHTRA,India
421204,Nilje B.O,Thane,MAHARASHTRA,India
401304,Nirmal S.O (Thane),Thane,MAHARASHTRA,India
421502,O.E.Ambernath S.O,Thane,MAHARASHTRA,India
421302,Pachhapur B.O,Thane,MAHARASHTRA,India
421101,Padgha S.O,Thane,MAHARASHTRA,India
421204,Padle B.O,Thane,MAHARASHTRA,India
401404,Palghar H.O,Thane,MAHARASHTRA,India
421312,Palsai B.O,Thane,MAHARASHTRA,India
421402,Palu B.O,Thane,MAHARASHTRA,India
401207,Papdi S.O,Thane,MAHARASHTRA,India
421303,Parali B.O,Thane,MAHARASHTRA,India
401102,Pargaon B.O,Thane,MAHARASHTRA,India
401504,Parnali B.O,Thane,MAHARASHTRA,India
401303,Parol B.O,Thane,MAHARASHTRA,India
421401,Patgaon B.O,Thane,MAHARASHTRA,India
421302,Paye B.O,Thane,MAHARASHTRA,India
401208,Pelhar B.O,Thane,MAHARASHTRA,India
421301,Phalegaon B.O,Thane,MAHARASHTRA,India
421303,Pik B.O,Thane,MAHARASHTRA,India
421503,Pimpaloli B.O,Thane,MAHARASHTRA,India
421311,Pimplas B.O,Thane,MAHARASHTRA,India
421301,Piwali B.O,Thane,MAHARASHTRA,India
401604,Poshera B.O,Thane,MAHARASHTRA,India
421303,Posheri B.O,Thane,MAHARASHTRA,India
401101,Rai B.O,Thane,MAHARASHTRA,India
401208,Rajawali B.O,Thane,MAHARASHTRA,India
421201,Ramnagar S.O (Thane),Thane,MAHARASHTRA,India
401602,Ranshet B.O,Thane,MAHARASHTRA,India
421301,Rayate B.O,Thane,MAHARASHTRA,India
421302,Rehnal B.O,Thane,MAHARASHTRA,India
401303,Saiwan B.O,Thane,MAHARASHTRA,India
401602,Saiwan B.O,Thane,MAHARASHTRA,India
421601,Sakadbav B.O,Thane,MAHARASHTRA,India
421601,Sakurli B.O,Thane,MAHARASHTRA,India
401201,Saloli B.O,Thane,MAHARASHTRA,India
401504,Salwad B.O,Thane,MAHARASHTRA,India
400607,Sandozbaugh S.O,Thane,MAHARASHTRA,India
400705,Sanpada S.O,Thane,MAHARASHTRA,India
421601,Saralambe B.O,Thane,MAHARASHTRA,India
421401,Saralgaon B.O,Thane,MAHARASHTRA,India
421311,Saravali S.O,Thane,MAHARASHTRA,India
401501,Sarawali B.O,Thane,MAHARASHTRA,India
421401,Sasne B.O,Thane,MAHARASHTRA,India
401208,Sasun Navghar B.O,Thane,MAHARASHTRA,India
401208,Satiwai B.O,Thane,MAHARASHTRA,India
401405,Satpati S.O,Thane,MAHARASHTRA,India
421601,Sawaroli B.O,Thane,MAHARASHTRA,India
401602,Sawata B.O,Thane,MAHARASHTRA,India
421401,Sayale B.O,Thane,MAHARASHTRA,India
421103,Shahad S.O,Thane,MAHARASHTRA,India
421601,Shahapur S.O (Thane),Thane,MAHARASHTRA,India
421302,Shantinagar E.D. B.O,Thane,MAHARASHTRA,India
421302,Shastrinagar S.O (Thane),Thane,MAHARASHTRA,India
421302,Shelar B.O,Thane,MAHARASHTRA,India
421601,Shenwa B.O,Thane,MAHARASHTRA,India
421301,Shere B.O,Thane,MAHARASHTRA,India
401501,Shigaon B.O,Thane,MAHARASHTRA,India
421601,Shirgaon B.O,Thane,MAHARASHTRA,India
401404,Shirgaon B.O,Thane,MAHARASHTRA,India
421602,Shirol B.O,Thane,MAHARASHTRA,India
421402,Shiroshi B.O,Thane,MAHARASHTRA,India
421401,Shivale B.O,Thane,MAHARASHTRA,India
400601,Shrirangnagar B.O,Thane,MAHARASHTRA,India
421403,Sogaon B.O,Thane,MAHARASHTRA,India
401403,Somta B.O,Thane,MAHARASHTRA,India
421303,Sonale B.O,Thane,MAHARASHTRA,India
401203,Sopara S.O,Thane,MAHARASHTRA,India
421002,Station Road Unr-3 S.O,Thane,MAHARASHTRA,India
421301,Subhash Road S.O (Thane),Thane,MAHARASHTRA,India
401609,Suryanagar S.O (Thane),Thane,MAHARASHTRA,India
421401,Talegaon B.O,Thane,MAHARASHTRA,India
401503,Tanashi B.O,Thane,MAHARASHTRA,India
401102,Tandulwadi B.O,Thane,MAHARASHTRA,India
421301,Tansa B.O,Thane,MAHARASHTRA,India
400601,Tapasenagar B.O,Thane,MAHARASHTRA,India
401504,Tarapur App S.O,Thane,MAHARASHTRA,India
401502,Tarapur S.O (Thane),Thane,MAHARASHTRA,India
401506,Tarapur Ti S.O,Thane,MAHARASHTRA,India
401102,Tembhikhodave B.O,Thane,MAHARASHTRA,India
401404,Tembhode B.O,Thane,MAHARASHTRA,India
421601,Tembhurli B.O,Thane,MAHARASHTRA,India
421201,Thakurli B.O,Thane,MAHARASHTRA,India
400601,Thane Bazar S.O,Thane,MAHARASHTRA,India
400603,Thane East S.O,Thane,MAHARASHTRA,India
400601,Thane H.O,Thane,MAHARASHTRA,India
400601,Thane R.S. S.O,Thane,MAHARASHTRA,India
421403,Thune B.O,Thane,MAHARASHTRA,India
421201,Tilaknagar S.O (Thane),Thane,MAHARASHTRA,India
401303,Tilher B.O,Thane,MAHARASHTRA,India
421605,Titwala B.O,Thane,MAHARASHTRA,India
421402,Tokawade B.O,Thane,MAHARASHTRA,India
421401,Tulai B.O,Thane,MAHARASHTRA,India
400703,Turbhe Market S.O,Thane,MAHARASHTRA,India
400703,Turbhe S.O,Thane,MAHARASHTRA,India
421303,Tuse B.O,Thane,MAHARASHTRA,India
421312,Uchat B.O,Thane,MAHARASHTRA,India
401604,Udhale B.O,Thane,MAHARASHTRA,India
421001,Ulhasnagar-1 S.O,Thane,MAHARASHTRA,India
421002,Ulhasnagar-2 S.O,Thane,MAHARASHTRA,India
421004,Ulhasnagar-4 S.O,Thane,MAHARASHTRA,India
421005,Ulhasnagar-5 S.O,Thane,MAHARASHTRA,India
401102,Umbarpada S.O,Thane,MAHARASHTRA,India
401202,Umela B.O,Thane,MAHARASHTRA,India
401203,Umrale B.O,Thane,MAHARASHTRA,India
401404,Umroli B.O,Thane,MAHARASHTRA,India
401602,Urse B.O,Thane,MAHARASHTRA,India
401102,Usarani B.O,Thane,MAHARASHTRA,India
421303,Utawali B.O,Thane,MAHARASHTRA,India
401106,Uttan S.O,Thane,MAHARASHTRA,India
421302,Vadavali B.O,Thane,MAHARASHTRA,India
401503,Vadhavan B.O,Thane,MAHARASHTRA,India
421301,Vadi B.O,Thane,MAHARASHTRA,India
421302,Vadpe B.O,Thane,MAHARASHTRA,India
421301,Vaholi B.O,Thane,MAHARASHTRA,India
421402,Vaishakhare B.O,Thane,MAHARASHTRA,India
421301,Vaitarna B.O,Thane,MAHARASHTRA,India
401204,Vajreshwari S.O,Thane,MAHARASHTRA,India
401208,Valiv B.O,Thane,MAHARASHTRA,India
421503,Vangani B.O,Thane,MAHARASHTRA,India
401103,Vangaon S.O,Thane,MAHARASHTRA,India
421303,Varale B.O,Thane,MAHARASHTRA,India
421301,Varap B.O,Thane,MAHARASHTRA,India
401503,Varor B.O,Thane,MAHARASHTRA,India
401208,Vasai East IE S.O,Thane,MAHARASHTRA,India
401202,Vasai Road E S.O,Thane,MAHARASHTRA,India
421602,Vashala B.O,Thane,MAHARASHTRA,India
401604,Vashala B.O,Thane,MAHARASHTRA,India
400703,Vashi S.O (Thane),Thane,MAHARASHTRA,India
400703,Vashi Sec-26 S.O,Thane,MAHARASHTRA,India
400703,Vashi-VII S.O,Thane,MAHARASHTRA,India
421301,Vashind E.D. B.O,Thane,MAHARASHTRA,India
401301,Vatar B.O,Thane,MAHARASHTRA,India
401204,Vedhe B.O,Thane,MAHARASHTRA,India
421301,Vehele B.O,Thane,MAHARASHTRA,India
421601,Vehloli B.O,Thane,MAHARASHTRA,India
421301,Vehloli B.O,Thane,MAHARASHTRA,India
401502,Vengani B.O,Thane,MAHARASHTRA,India
401404,Veur B.O,Thane,MAHARASHTRA,India
421305,Vidyashram S.O,Thane,MAHARASHTRA,India
421602,Vihigaon B.O,Thane,MAHARASHTRA,India
421303,Vilkos B.O,Thane,MAHARASHTRA,India
401305,Virar East S.O,Thane,MAHARASHTRA,India
401303,Virar S.O,Thane,MAHARASHTRA,India
401102,Virathan Budruk B.O,Thane,MAHARASHTRA,India
421202,Vishnunagar S.O,Thane,MAHARASHTRA,India
421303,Wada S.O,Thane,MAHARASHTRA,India
400604,Wagle I.E. S.O,Thane,MAHARASHTRA,India
421303,Waki B.O,Thane,MAHARASHTRA,India
401602,Waki B.O,Thane,MAHARASHTRA,India
400612,Waklan B.O,Thane,MAHARASHTRA,India
421503,Yeranjad B.O,Thane,MAHARASHTRA,India
410206,Adai B.O,Raigarh,MAHARASHTRA,India
402103,Adhi B.O,Raigarh,MAHARASHTRA,India
402203,Agrav B.O,Raigarh,MAHARASHTRA,India
402204,Akshi B.O,Raigarh,MAHARASHTRA,India
402201,Alibag H.O,Raigarh,MAHARASHTRA,India
402107,Ambeghar B.O,Raigarh,MAHARASHTRA,India
410201,Ambivali B.O,Raigarh,MAHARASHTRA,India
402106,Amtem B.O,Raigarh,MAHARASHTRA,India
410207,Apta B.O,Raigarh,MAHARASHTRA,India
402109,Ashtami B.O,Raigarh,MAHARASHTRA,India
402201,Awas B.O,Raigarh,MAHARASHTRA,India
410206,Awre B.O,Raigarh,MAHARASHTRA,India
402107,Balavali B.O,Raigarh,MAHARASHTRA,India
402204,Bamangaon B.O,Raigarh,MAHARASHTRA,India
402104,Bamnoli B.O,Raigarh,MAHARASHTRA,India
402203,Bapale B.O,Raigarh,MAHARASHTRA,India
410221,Barapada B.O,Raigarh,MAHARASHTRA,India
410201,Beed Budruk B.O,Raigarh,MAHARASHTRA,India
402106,Bense B.O,Raigarh,MAHARASHTRA,India
402120,Bhale B.O,Raigarh,MAHARASHTRA,India
402109,Bhalgaon B.O,Raigarh,MAHARASHTRA,India
402308,Bhira S.O (Raigarh(MH)),Raigarh,MAHARASHTRA,India
410201,Bhivpuri Camp B.O,Raigarh,MAHARASHTRA,India
402111,Bhonang B.O,Raigarh,MAHARASHTRA,India
400702,Bokadvira B.O,Raigarh,MAHARASHTRA,India
410101,Borgaon B.O,Raigarh,MAHARASHTRA,India
402111,Borghar Haveli B.O,Raigarh,MAHARASHTRA,India
402202,Borlimandla B.O,Raigarh,MAHARASHTRA,India
402120,Borwadi B.O,Raigarh,MAHARASHTRA,India
402109,Chandgaon B.O,Raigarh,MAHARASHTRA,India
402122,Chandore B.O,Raigarh,MAHARASHTRA,India
402109,Chanera B.O,Raigarh,MAHARASHTRA,India
400702,Chanje B.O,Raigarh,MAHARASHTRA,India
402203,Chaul S.O,Raigarh,MAHARASHTRA,India
410206,Chawk B.O,Raigarh,MAHARASHTRA,India
410221,Chikhale B.O,Raigarh,MAHARASHTRA,India
402203,Chinchoti B.O,Raigarh,MAHARASHTRA,India
410201,Chinchwali B.O,Raigarh,MAHARASHTRA,India
402304,Chinchwali Tarfe Atone B.O,Raigarh,MAHARASHTRA,India
410206,Chirner B.O,Raigarh,MAHARASHTRA,India
402201,Chondhi B.O,Raigarh,MAHARASHTRA,India
402109,Chordhe B.O,Raigarh,MAHARASHTRA,India
402107,Dadar B.O,Raigarh,MAHARASHTRA,India
410201,Dahivali T.Need B.O,Raigarh,MAHARASHTRA,India
410101,Dahivali T.Varedi B.O,Raigarh,MAHARASHTRA,India
402103,Devali B.O,Raigarh,MAHARASHTRA,India
410208,Devichapada B.O,Raigarh,MAHARASHTRA,India
402304,Devkanhe B.O,Raigarh,MAHARASHTRA,India
402109,Dhamansai B.O,Raigarh,MAHARASHTRA,India
402201,Dhokawade B.O,Raigarh,MAHARASHTRA,India
410206,Dighode B.O,Raigarh,MAHARASHTRA,India
402107,Dolvi B.O,Raigarh,MAHARASHTRA,India
410203,Donwat B.O,Raigarh,MAHARASHTRA,India
400001,Elephanta Caves Po B.O,Raigarh,MAHARASHTRA,India
402107,Gadab B.O,Raigarh,MAHARASHTRA,India
402107,Gagode Budruk B.O,Raigarh,MAHARASHTRA,India
410201,Gaulwadi B.O,Raigarh,MAHARASHTRA,India
410201,Gaurkamath B.O,Raigarh,MAHARASHTRA,India
410206,Gavan B.O,Raigarh,MAHARASHTRA,India
402109,Ghosale B.O,Raigarh,MAHARASHTRA,India
402103,Goregaon S.O (Raigarh(MH)),Raigarh,MAHARASHTRA,India
402122,Govele B.O,Raigarh,MAHARASHTRA,India
410207,Gulsunde B.O,Raigarh,MAHARASHTRA,India
410201,Gundge B.O,Raigarh,MAHARASHTRA,India
402107,Hamrapur B.O,Raigarh,MAHARASHTRA,India
402103,Harkol B.O,Raigarh,MAHARASHTRA,India
402209,Hashiware B.O,Raigarh,MAHARASHTRA,India
402104,Hodgaon B.O,Raigarh,MAHARASHTRA,India
410201,Humgaon B.O,Raigarh,MAHARASHTRA,India
410216,Jagdish Nagar S.O,Raigarh,MAHARASHTRA,India
410201,Jambrung B.O,Raigarh,MAHARASHTRA,India
402308,Jamgaon B.O,Raigarh,MAHARASHTRA,India
410206,Jasai B.O,Raigarh,MAHARASHTRA,India
400707,Jaskhar B.O,Raigarh,MAHARASHTRA,India
410206,Jci Kamothe B.O,Raigarh,MAHARASHTRA,India
402120,Jite B.O,Raigarh,MAHARASHTRA,India
402107,Jite B.O,Raigarh,MAHARASHTRA,India
400707,Jnpt S.O,Raigarh,MAHARASHTRA,India
402107,Johe B.O,Raigarh,MAHARASHTRA,India
410206,Jui B.O,Raigarh,MAHARASHTRA,India
410201,Kadav B.O,Raigarh,MAHARASHTRA,India
410101,Kalamb B.O,Raigarh,MAHARASHTRA,India
410218,Kalamboli Node S.O,Raigarh,MAHARASHTRA,India
402209,Kamarle B.O,Raigarh,MAHARASHTRA,India
402107,Kamarli B.O,Raigarh,MAHARASHTRA,India
402107,Kandale B.O,Raigarh,MAHARASHTRA,India
400702,Karanja B.O,Raigarh,MAHARASHTRA,India
410201,Karjat S.O (Raigarh(MH)),Raigarh,MAHARASHTRA,India
410201,Kashele B.O,Raigarh,MAHARASHTRA,India
402107,Kasu B.O,Raigarh,MAHARASHTRA,India
402104,Kavil Vahal B.O,Raigarh,MAHARASHTRA,India
400702,Kegaon B.O,Raigarh,MAHARASHTRA,India
410206,Kelevane B.O,Raigarh,MAHARASHTRA,India
402109,Khaire Budruk B.O,Raigarh,MAHARASHTRA,India
410202,Khalapur S.O,Raigarh,MAHARASHTRA,India
402304,Khamb B.O,Raigarh,MAHARASHTRA,India
410203,Khambewadi B.O,Raigarh,MAHARASHTRA,India
410206,Khanda Colony S.O,Raigarh,MAHARASHTRA,India
402209,Khandale B.O,Raigarh,MAHARASHTRA,India
410201,Khandas B.O,Raigarh,MAHARASHTRA,India
402104,Kharavali B.O,Raigarh,MAHARASHTRA,India
402109,Khargaon B.O,Raigarh,MAHARASHTRA,India
410210,Kharghar S.O,Raigarh,MAHARASHTRA,India
402107,Kharpale B.O,Raigarh,MAHARASHTRA,India
410203,Khopoli S.O,Raigarh,MAHARASHTRA,India
402201,Kihim B.O,Raigarh,MAHARASHTRA,India
410201,Kirwali B.O,Raigarh,MAHARASHTRA,India
402109,Kokban B.O,Raigarh,MAHARASHTRA,India
402304,Kolad S.O,Raigarh,MAHARASHTRA,India
410201,Kondivade B.O,Raigarh,MAHARASHTRA,India
402107,Koproli B.O,Raigarh,MAHARASHTRA,India
410206,Koproli B.O,Raigarh,MAHARASHTRA,India
402202,Korlai B.O,Raigarh,MAHARASHTRA,India
410201,Koshane B.O,Raigarh,MAHARASHTRA,India
402120,Koste Khurd B.O,Raigarh,MAHARASHTRA,India
410208,Koynavale B.O,Raigarh,MAHARASHTRA,India
402308,Kudli B.O,Raigarh,MAHARASHTRA,India
410206,Kundevahal B.O,Raigarh,MAHARASHTRA,India
402108,Kurdus B.O,Raigarh,MAHARASHTRA,India
402201,Kurul B.O,Raigarh,MAHARASHTRA,India
402209,Kurul RCF Colony S.O,Raigarh,MAHARASHTRA,India
402108,Kusumbale B.O,Raigarh,MAHARASHTRA,India
410206,Lodhivali B.O,Raigarh,MAHARASHTRA,India
402103,Lonere B.O,Raigarh,MAHARASHTRA,India
402104,Lonshi B.O,Raigarh,MAHARASHTRA,India
402112,Mahagaon B.O,Raigarh,MAHARASHTRA,India
402203,Malyan B.O,Raigarh,MAHARASHTRA,India
402111,Mandad B.O,Raigarh,MAHARASHTRA,India
410201,Mandavane B.O,Raigarh,MAHARASHTRA,India
402104,Mangaon S.O (Raigarh(MH)),Raigarh,MAHARASHTRA,India
410101,Mangaon T.Varedi B.O,Raigarh,MAHARASHTRA,India
402103,Mangarul B.O,Raigarh,MAHARASHTRA,India
410101,Manivali B.O,Raigarh,MAHARASHTRA,India
402122,Manjaravane B.O,Raigarh,MAHARASHTRA,India
402201,Mapgaon B.O,Raigarh,MAHARASHTRA,India
410220,Mazgaon B.O,Raigarh,MAHARASHTRA,India
402109,Medha B.O,Raigarh,MAHARASHTRA,India
410222,Mohopada S.O,Raigarh,MAHARASHTRA,India
400704,Mora B.O,Raigarh,MAHARASHTRA,India
410206,Morbe B.O,Raigarh,MAHARASHTRA,India
402112,Muthavali Tarfe Tala B.O,Raigarh,MAHARASHTRA,India
400704,N.S.Karanja S.O,Raigarh,MAHARASHTRA,India
402103,Nagaon B.O,Raigarh,MAHARASHTRA,India
402204,Nagaon S.O,Raigarh,MAHARASHTRA,India
402106,Nagothane S.O,Raigarh,MAHARASHTRA,India
410201,Nandgaon B.O,Raigarh,MAHARASHTRA,India
402103,Nandvi B.O,Raigarh,MAHARASHTRA,India
402209,Narangi B.O,Raigarh,MAHARASHTRA,India
410201,Nasarapur B.O,Raigarh,MAHARASHTRA,India
402201,Navadar Navagaon B.O,Raigarh,MAHARASHTRA,India
410208,Navde B.O,Raigarh,MAHARASHTRA,India
400707,Navghar B.O,Raigarh,MAHARASHTRA,India
410101,Neral S.O,Raigarh,MAHARASHTRA,India
410206,Nere B.O,Raigarh,MAHARASHTRA,India
410206,Nhava B.O,Raigarh,MAHARASHTRA,India
402109,Nhave B.O,Raigarh,MAHARASHTRA,India
402120,Nizampur S.O (Raigarh(MH)),Raigarh,MAHARASHTRA,India
410221,Ongc Complex panvel S.O,Raigarh,MAHARASHTRA,India
400702,ONGC-dronagiri B.O,Raigarh,MAHARASHTRA,India
402107,Pabal B.O,Raigarh,MAHARASHTRA,India
410208,Padghe B.O,Raigarh,MAHARASHTRA,India
402106,Palas B.O,Raigarh,MAHARASHTRA,India
410201,Palasdari B.O,Raigarh,MAHARASHTRA,India
402104,Palasgaon Khurd B.O,Raigarh,MAHARASHTRA,India
410221,Palaspe B.O,Raigarh,MAHARASHTRA,India
402103,Panhalghar B.O,Raigarh,MAHARASHTRA,India
410206,Panvel City S.O,Raigarh,MAHARASHTRA,India
410206,Panvel H.O,Raigarh,MAHARASHTRA,India
410206,Pargaon B.O,Raigarh,MAHARASHTRA,India
410220,Patalganga S.O,Raigarh,MAHARASHTRA,India
410201,Pathraj B.O,Raigarh,MAHARASHTRA,India
402308,Patnus B.O,Raigarh,MAHARASHTRA,India
402125,PCTS Nagothane S.O,Raigarh,MAHARASHTRA,India
402107,Pen S.O,Raigarh,MAHARASHTRA,India
402104,Pen Tarfe Tale B.O,Raigarh,MAHARASHTRA,India
402106,Pigonde B.O,Raigarh,MAHARASHTRA,India
402109,Pingalsai B.O,Raigarh,MAHARASHTRA,India
402126,Pipenagar S.O,Raigarh,MAHARASHTRA,India
402111,Pitsai B.O,Raigarh,MAHARASHTRA,India
410101,Poshir B.O,Raigarh,MAHARASHTRA,India
410221,Poyanje B.O,Raigarh,MAHARASHTRA,India
402108,Poynad S.O,Raigarh,MAHARASHTRA,India
402304,Pugaon B.O,Raigarh,MAHARASHTRA,India
402103,Purar B.O,Raigarh,MAHARASHTRA,India
402111,Rahatad B.O,Raigarh,MAHARASHTRA,India
402203,Ramraj B.O,Raigarh,MAHARASHTRA,India
402107,Ransai B.O,Raigarh,MAHARASHTRA,India
410207,Rasayani S.O,Raigarh,MAHARASHTRA,India
402112,Ratwad B.O,Raigarh,MAHARASHTRA,India
402107,Rave B.O,Raigarh,MAHARASHTRA,India
402208,RCF Thal S.O,Raigarh,MAHARASHTRA,India
402202,Revdanda S.O,Raigarh,MAHARASHTRA,India
402116,Roha AV S.O,Raigarh,MAHARASHTRA,India
402109,Roha S.O,Raigarh,MAHARASHTRA,India
402116,Roth Khurd B.O,Raigarh,MAHARASHTRA,India
410221,Sai B.O,Raigarh,MAHARASHTRA,India
402122,Sai S.O,Raigarh,MAHARASHTRA,India
410203,Sajgaon B.O,Raigarh,MAHARASHTRA,India
410201,Salokh T.Need B.O,Raigarh,MAHARASHTRA,India
402109,Sanegaon B.O,Raigarh,MAHARASHTRA,India
402209,Saral B.O,Raigarh,MAHARASHTRA,India
402109,Sarsoli B.O,Raigarh,MAHARASHTRA,India
402201,Sasawane B.O,Raigarh,MAHARASHTRA,India
402107,Sawarsai B.O,Raigarh,MAHARASHTRA,India
402108,Shahabaj B.O,Raigarh,MAHARASHTRA,India
402108,Shahapur B.O,Raigarh,MAHARASHTRA,India
402109,Shedsai B.O,Raigarh,MAHARASHTRA,India
410101,Shelu B.O,Raigarh,MAHARASHTRA,India
402109,Shenwai B.O,Raigarh,MAHARASHTRA,India
400702,Sheva B.O,Raigarh,MAHARASHTRA,India
410203,Shilphata S.O,Raigarh,MAHARASHTRA,India
402120,Shirawali B.O,Raigarh,MAHARASHTRA,India
410221,Shirdhon B.O,Raigarh,MAHARASHTRA,India
402107,Shirki B.O,Raigarh,MAHARASHTRA,India
410206,Somatane B.O,Raigarh,MAHARASHTRA,India
402107,Sonkhar B.O,Raigarh,MAHARASHTRA,India
402203,Sudkoli B.O,Raigarh,MAHARASHTRA,India
410201,Sugawe B.O,Raigarh,MAHARASHTRA,India
402111,Tala S.O (Raigarh(MH)),Raigarh,MAHARASHTRA,India
402112,Talashet S.O,Raigarh,MAHARASHTRA,India
402304,Talawali Terfe Diwali B.O,Raigarh,MAHARASHTRA,India
402111,Talegaon B.O,Raigarh,MAHARASHTRA,India
402104,Talegaon Tarfe Goregaon B.O,Raigarh,MAHARASHTRA,India
410208,Taloja A.V. S.O,Raigarh,MAHARASHTRA,India
410208,Taloja B.O,Raigarh,MAHARASHTRA,India
402109,Tambadi B.O,Raigarh,MAHARASHTRA,India
402107,Tarankhop B.O,Raigarh,MAHARASHTRA,India
402104,Tempale B.O,Raigarh,MAHARASHTRA,India
402207,Thal S.O (Raigarh(MH)),Raigarh,MAHARASHTRA,India
410201,Tiware B.O,Raigarh,MAHARASHTRA,India
402111,Tokarde B.O,Raigarh,MAHARASHTRA,India
410208,Tondra B.O,Raigarh,MAHARASHTRA,India
410206,Ulwa B.O,Raigarh,MAHARASHTRA,India
402104,Unegaon B.O,Raigarh,MAHARASHTRA,India
400702,Uran S.O,Raigarh,MAHARASHTRA,India
402203,Usar B.O,Raigarh,MAHARASHTRA,India
402104,Usar Khurd B.O,Raigarh,MAHARASHTRA,India
402103,Usarghar B.O,Raigarh,MAHARASHTRA,India
402107,Vadhav B.O,Raigarh,MAHARASHTRA,India
402107,Vadkhal B.O,Raigarh,MAHARASHTRA,India
410206,Vahal B.O,Raigarh,MAHARASHTRA,India
410206,Vaje B.O,Raigarh,MAHARASHTRA,India
410101,Vakas B.O,Raigarh,MAHARASHTRA,India
402107,Varsai B.O,Raigarh,MAHARASHTRA,India
402201,Varsoli B.O,Raigarh,MAHARASHTRA,India
410206,Vasheni B.O,Raigarh,MAHARASHTRA,India
410220,Vashivali B.O,Raigarh,MAHARASHTRA,India
410203,Vavoshi B.O,Raigarh,MAHARASHTRA,India
410201,Vengaon B.O,Raigarh,MAHARASHTRA,India
402209,Veshvi B.O,Raigarh,MAHARASHTRA,India
402202,Vikram Baug B.O,Raigarh,MAHARASHTRA,India
402308,Vile B.O,Raigarh,MAHARASHTRA,India
402109,Virjoli B.O,Raigarh,MAHARASHTRA,India
402103,Wadvali B.O,Raigarh,MAHARASHTRA,India
402106,Wakanfata B.O,Raigarh,MAHARASHTRA,India
402109,Wali B.O,Raigarh,MAHARASHTRA,India
402202,Walke B.O,Raigarh,MAHARASHTRA,India
402107,Washi B.O,Raigarh,MAHARASHTRA,India
410206,Wavandhal B.O,Raigarh,MAHARASHTRA,India
410206,Wavarle B.O,Raigarh,MAHARASHTRA,India
402112,Wavediwali B.O,Raigarh,MAHARASHTRA,India
410208,Wawanje B.O,Raigarh,MAHARASHTRA,India
402112,Wighawali B.O,Raigarh,MAHARASHTRA,India